{"cameraMode":{"drawMode":0,"name":"Shaded","section":"Shading Mode"},"sceneLighting":true,"audioPlay":false,"sceneViewState":{"m_AlwaysRefresh":false,"showFog":true,"showSkybox":true,"showFlares":true,"showImageEffects":true,"showParticleSystems":true,"showVisualEffectGraphs":true,"m_FxEnabled":true},"in2DMode":false,"pivot":{"x":0.33303913474082949,"y":-0.6434952020645142,"z":1.0210533142089844},"rotation":{"x":-0.004510342609137297,"y":-0.980495810508728,"z":0.19518646597862245,"w":-0.02265564724802971},"size":8.702423095703125,"orthographic":false}