{"cameraMode":{"drawMode":0,"name":"Shaded","section":"Shading Mode"},"sceneLighting":true,"audioPlay":false,"sceneViewState":{"m_AlwaysRefresh":false,"showFog":true,"showSkybox":true,"showFlares":true,"showImageEffects":true,"showParticleSystems":true,"showVisualEffectGraphs":true,"m_FxEnabled":true},"in2DMode":false,"pivot":{"x":-0.27427905797958376,"y":0.08000004291534424,"z":37.79999923706055},"rotation":{"x":-0.001138924271799624,"y":-0.990044355392456,"z":0.1405293196439743,"w":-0.008021763525903225},"size":5.44247579574585,"orthographic":false}