{"cameraMode":{"drawMode":0,"name":"Shaded","section":"Shading Mode"},"sceneLighting":true,"audioPlay":false,"sceneViewState":{"m_AlwaysRefresh":false,"showFog":true,"showSkybox":true,"showFlares":true,"showImageEffects":true,"showParticleSystems":true,"showVisualEffectGraphs":true,"m_FxEnabled":true},"in2DMode":false,"pivot":{"x":-0.050000011920928958,"y":1.5199999809265137,"z":0.14500001072883607},"rotation":{"x":-0.27982574701309206,"y":-0.035419151186943057,"z":0.010331554338335991,"w":-0.9593473672866821},"size":2.6055569648742677,"orthographic":false}